{"cameraMode":{"drawMode":0,"name":"Shaded","section":"Shading Mode"},"sceneLighting":false,"audioPlay":false,"sceneViewState":{"showFog":true,"showMaterialUpdate":false,"showSkybox":true,"showFlares":true,"showImageEffects":true,"showParticleSystems":true},"in2DMode":false,"pivot":{"x":-3.5771267414093019,"y":6.778332710266113,"z":6.006772994995117},"rotation":{"x":-0.00120127375703305,"y":-0.9951451420783997,"z":0.09764637798070908,"w":-0.012241711840033532},"size":39.1801643371582,"orthographic":false}